App;User Group;1;2;3;4;5;6;7;8
account;base.group_user;24;48;72;96;120;144;168;192
account_audit_trail;base.group_user;0;0;0;0;0;0;0;0
account_check_printing;base.group_user;7,5;7,5;7,5;7,5;7,5;7,5;7,5;7,5
account_debit_note;base.group_user;34,5;34,5;34,5;34,5;34,5;34,5;34,5;34,5
account_edi;base.group_user;0;0;0;0;0;0;0;0
account_edi_proxy_client;base.group_user;81;81;81;81;81;81;81;81
account_edi_ubl_cii;base.group_user;1,23;2,46;3,69;4,92;6,15;7,38;8,61;9,84
account_edi_ubl_cii_tax_extension;base.group_user;0;0;0;0;0;0;0;0
account_fleet;base.group_user;1,5;3;4,5;6;7,5;7,5;7,5;7,5
account_lock;base.group_user;30;30;30;30;30;30;30;30
account_payment;base.group_user;0,33;0,66;0,99;1,32;1,65;1,98;2,31;2,64
account_payment_invoice_online_payment_patch;base.group_user;0;0;0;0;0;0;0;0
account_payment_term;base.group_user;0;0;0;0;0;0;0;0
account_peppol;base.group_user;258;258;258;258;258;258;258;258
account_qr_code_emv;base.group_user;45;45;45;45;45;45;45;45
account_qr_code_sepa;base.group_user;3;3;3;3;3;3;3;3
account_sequence;base.group_user;0;0;0;0;0;0;0;0
account_tax_python;base.group_user;82,5;82,5;82,5;82,5;82,5;82,5;82,5;82,5
account_test;base.group_user;33;33;33;33;33;33;33;33
account_update_tax_tags;base.group_user;0;0;0;0;0;0;0;0
accountant;base.group_user;1000;1000;1000;1000;1000;1000;1000;1000
analytic;base.group_user;0;0;0;0;0;0;0;0
association;base.group_user;0;0;0;0;0;0;0;0
attachment_indexation;base.group_user;1;2;3;3;3;3;3;3
auth_ldap;base.group_user;0;0;0;0;0;0;0;0
auth_oauth;base.group_user;0;0;0;0;0;0;0;0
auth_passkey;base.group_user;1000;1000;1000;1000;1000;1000;1000;1000
auth_password_policy;base.group_user;3;3;3;3;3;3;3;3
auth_password_policy_portal;base.group_user;33;33;33;33;33;33;33;33
auth_password_policy_signup;base.group_user;3;3;3;3;3;3;3;3
auth_signup;base.group_user;0;0;0;0;0;0;0;0
auth_totp;base.group_user;0;0;0;0;0;0;0;0
auth_totp_mail;base.group_user;0,3;0,6;0,9;1,2;1,5;1,8;2,1;2,4
auth_totp_mail_enforce;base.group_user;0;0;0;0;0;0;0;0
auth_totp_portal;base.group_user;0,3;0,6;0,9;1,2;1,5;1,8;2,1;2,4
barcodes;base.group_user;0;0;0;0;0;0;0;0
barcodes_gs1_nomenclature;base.group_user;0;0;0;0;0;0;0;0
base;base.group_user;0;0;0;0;0;0;0;0
base_address_extended;base.group_user;0;0;0;0;0;0;0;0
base_app;base.group_user;0;0;0;0;0;0;0;0
base_automation;base.group_user;288;288;288;288;288;288;288;288
base_display_name;base.group_user;1000;1000;1000;1000;1000;1000;1000;1000
base_geolocalize;base.group_user;0;0;0;0;0;0;0;0
base_iban;base.group_user;3;3;3;3;3;3;3;3
base_import;base.group_user;0;0;0;0;0;0;0;0
base_import_module;base.group_user;0;0;0;0;0;0;0;0
base_install_request;base.group_user;0,3;0,6;0,9;1,2;1,5;1,8;2,1;2,4
base_setup;base.group_user;0;0;0;0;0;0;0;0
base_sparse_field;base.group_user;0;0;0;0;0;0;0;0
base_unique_code;base.group_user;1000;1000;1000;1000;1000;1000;1000;1000
base_vat;base.group_user;0;0;0;0;0;0;0;0
board;base.group_user;0;0;0;0;0;0;0;0
bus;base.group_user;0;0;0;0;0;0;0;0
calendar;base.group_user;0,96;1,92;2,88;3,84;4,8;4,8;4,8;4,8
calendar_sms;base.group_user;0;0;0;0;0;0;0;0
certificate;base.group_user;1000;1000;1000;1000;1000;1000;1000;1000
cloud_storage;base.group_user;1000;1000;1000;1000;1000;1000;1000;1000
cloud_storage_azure;base.group_user;1000;1000;1000;1000;1000;1000;1000;1000
cloud_storage_google;base.group_user;1000;1000;1000;1000;1000;1000;1000;1000
contacts;base.group_user;0,6;1,2;1,8;2,4;3;3;3;3
crm;base.group_user;1,6;3,2;4,8;4,8;4,8;4,8;4,8;4,8
crm_iap_enrich;base.group_user;0;0;0;0;0;0;0;0
crm_iap_mine;base.group_user;10;20;30;30;30;30;30;30
crm_livechat;base.group_user;0;0;0;0;0;0;0;0
crm_mail_plugin;base.group_user;33;33;33;33;33;33;33;33
crm_sms;base.group_user;1;2;3;3;3;3;3;3
crm_unique_code;base.group_user;1000;1000;1000;1000;1000;1000;1000;1000
data_recycle;base.group_user;0;0;0;0;0;0;0;0
delivery;base.group_user;3;6;9;12;15;15;15;15
delivery_mondialrelay;base.group_user;0;0;0;0;0;0;0;0
delivery_stock_picking_batch;base.group_user;0;0;0;0;0;0;0;0
digest;base.group_user;0;0;0;0;0;0;0;0
dms;base.group_user;1000;1000;1000;1000;1000;1000;1000;1000
dms_attachment_link;base.group_user;1000;1000;1000;1000;1000;1000;1000;1000
dms_user_role;base.group_user;1000;1000;1000;1000;1000;1000;1000;1000
event;base.group_user;13,92;27,84;41,76;55,68;69,6;69,6;69,6;69,6
event_booth;base.group_user;105;105;105;105;105;105;105;105
event_booth_sale;base.group_user;81;81;81;81;81;81;81;81
event_crm;base.group_user;3;6;9;9;9;9;9;9
event_crm_sale;base.group_user;11;22;33;33;33;33;33;33
event_product;base.group_user;3,672;7,344;11,016;14,688;18,36;18,36;18,36;18,36
event_sale;base.group_user;5,76;11,52;17,28;23,04;28,8;28,8;28,8;28,8
event_sms;base.group_user;0;0;0;0;0;0;0;0
fleet;base.group_user;3,6;7,2;10,8;14,4;18;18;18;18
gamification;base.group_user;0;0;0;0;0;0;0;0
gamification_sale_crm;base.group_user;1;2;3;3;3;3;3;3
google_account;base.group_user;0;0;0;0;0;0;0;0
google_calendar;base.group_user;27,3;27,3;27,3;27,3;27,3;27,3;27,3;27,3
google_gmail;base.group_user;0;0;0;0;0;0;0;0
google_recaptcha;base.group_user;0,6;1,2;1,8;2,4;3;3;3;3
helpdesk;base.group_user;1000;1000;1000;1000;1000;1000;1000;1000
hr;base.group_user;9,18;18,36;27,54;36,72;45,9;45,9;45,9;45,9
hr_appraisal;base.group_user;1000;1000;1000;1000;1000;1000;1000;1000
hr_attendance;base.group_user;6,6;13,2;19,8;19,8;19,8;19,8;19,8;19,8
hr_calendar;base.group_user;4,2;8,4;12,6;16,8;21;21;21;21
hr_contract;base.group_user;0,9;1,8;2,7;3,6;4,5;4,5;4,5;4,5
hr_expense;base.group_user;2,4;4,8;7,2;9,6;12;12;12;12
hr_fleet;base.group_user;9,6;19,2;28,8;38,4;48;48;48;48
hr_gamification;base.group_user;1;2;3;3;3;3;3;3
hr_holidays;base.group_user;16,02;32,04;48,06;64,08;80,1;80,1;80,1;80,1
hr_holidays_attendance;base.group_user;0;0;0;0;0;0;0;0
hr_holidays_contract;base.group_user;2,472;4,944;7,416;9,888;12,36;12,36;12,36;12,36
hr_homeworking;base.group_user;78;78;78;78;78;78;78;78
hr_homeworking_calendar;base.group_user;1000;1000;1000;1000;1000;1000;1000;1000
hr_hourly_cost;base.group_user;0;0;0;0;0;0;0;0
hr_livechat;base.group_user;10;20;30;30;30;30;30;30
hr_maintenance;base.group_user;1;2;3;3;3;3;3;3
hr_org_chart;base.group_user;0,66;1,32;1,98;2,64;3,3;3,3;3,3;3,3
hr_presence;base.group_user;6,3;6,3;6,3;6,3;6,3;6,3;6,3;6,3
hr_recruitment;base.group_user;43,4;86,8;130,2;130,2;130,2;130,2;130,2;130,2
hr_recruitment_skills;base.group_user;18,1;36,2;54,3;54,3;54,3;54,3;54,3;54,3
hr_recruitment_survey;base.group_user;6,9;6,9;6,9;6,9;6,9;6,9;6,9;6,9
hr_skills;base.group_user;20,46;40,92;61,38;81,84;102,3;102,3;102,3;102,3
hr_skills_slides;base.group_user;0;0;0;0;0;0;0;0
hr_skills_survey;base.group_user;21,5;43;64,5;64,5;64,5;64,5;64,5;64,5
hr_timesheet;base.group_user;8,1;8,1;8,1;8,1;8,1;8,1;8,1;8,1
hr_timesheet_attendance;base.group_user;0;0;0;0;0;0;0;0
hr_work_entry;base.group_user;49,5;49,5;49,5;49,5;49,5;49,5;49,5;49,5
hr_work_entry_contract;base.group_user;0;0;0;0;0;0;0;0
hr_work_entry_holidays;base.group_user;33;33;33;33;33;33;33;33
html_editor;base.group_user;2,01966;4,03932;6,05898;8,07864;10,0983;12,11796;14,13762;16,15728
http_routing;base.group_user;0;0;0;0;0;0;0;0
hw_drivers;base.group_user;33;33;33;33;33;33;33;33
hw_escpos;base.group_user;33;33;33;33;33;33;33;33
hw_posbox_homepage;base.group_user;33;33;33;33;33;33;33;33
iap;base.group_user;0,0348;0,0696;0,1044;0,1392;0,174;0,2088;0,2436;0,2784
iap_crm;base.group_user;0;0;0;0;0;0;0;0
iap_mail;base.group_user;0,6;1,2;1,8;2,4;3;3,6;4,2;4,8
im_livechat;base.group_user;1,6;3,2;4,8;4,8;4,8;4,8;4,8;4,8
im_livechat_mail_bot;base.group_user;0;0;0;0;0;0;0;0
industry_fsm;base.group_user;1000;1000;1000;1000;1000;1000;1000;1000
knowledge;base.group_user;1000;1000;1000;1000;1000;1000;1000;1000
l10n_account_edi_ubl_cii_tests;base.group_user;33;33;33;33;33;33;33;33
l10n_ae;base.group_user;98,1;98,1;98,1;98,1;98,1;98,1;98,1;98,1
l10n_ae_pos;base.group_user;180;180;180;180;180;180;180;180
l10n_anz_ubl_pint;base.group_user;60;60;60;60;60;60;60;60
l10n_ar;base.group_user;216;216;216;216;216;216;216;216
l10n_ar_pos;base.group_user;30;30;30;30;30;30;30;30
l10n_ar_website_sale;base.group_user;33;33;33;33;33;33;33;33
l10n_ar_withholding;base.group_user;444;444;444;444;444;444;444;444
l10n_at;base.group_user;402;402;402;402;402;402;402;402
l10n_au;base.group_user;99,6;99,6;99,6;99,6;99,6;99,6;99,6;99,6
l10n_bd;base.group_user;30;30;30;30;30;30;30;30
l10n_be;base.group_user;310,5;310,5;310,5;310,5;310,5;310,5;310,5;310,5
l10n_be_pos_restaurant;base.group_user;1000;1000;1000;1000;1000;1000;1000;1000
l10n_be_pos_sale;base.group_user;33;33;33;33;33;33;33;33
l10n_bf;base.group_user;30;30;30;30;30;30;30;30
l10n_bg;base.group_user;168;168;168;168;168;168;168;168
l10n_bg_ledger;base.group_user;1000;1000;1000;1000;1000;1000;1000;1000
l10n_bh;base.group_user;30;30;30;30;30;30;30;30
l10n_bj;base.group_user;30;30;30;30;30;30;30;30
l10n_bo;base.group_user;96;96;96;96;96;96;96;96
l10n_br;base.group_user;823,5;823,5;823,5;823,5;823,5;823,5;823,5;823,5
l10n_br_pix;base.group_user;0;0;0;0;0;0;0;0
l10n_br_sales;base.group_user;30;30;30;30;30;30;30;30
l10n_br_website_sale;base.group_user;30;30;30;30;30;30;30;30
l10n_ca;base.group_user;165;165;165;165;165;165;165;165
l10n_cd;base.group_user;30;30;30;30;30;30;30;30
l10n_cf;base.group_user;30;30;30;30;30;30;30;30
l10n_cg;base.group_user;30;30;30;30;30;30;30;30
l10n_ch;base.group_user;201;201;201;201;201;201;201;201
l10n_ch_pos;base.group_user;33;33;33;33;33;33;33;33
l10n_ci;base.group_user;30;30;30;30;30;30;30;30
l10n_cl;base.group_user;135;135;135;135;135;135;135;135
l10n_cm;base.group_user;30;30;30;30;30;30;30;30
l10n_cn;base.group_user;57;57;57;57;57;57;57;57
l10n_cn_city;base.group_user;33;33;33;33;33;33;33;33
l10n_co;base.group_user;174;174;174;174;174;174;174;174
l10n_co_pos;base.group_user;33;33;33;33;33;33;33;33
l10n_cr;base.group_user;63;63;63;63;63;63;63;63
l10n_cy;base.group_user;30;30;30;30;30;30;30;30
l10n_cz;base.group_user;291;291;291;291;291;291;291;291
l10n_de;base.group_user;858;858;858;858;858;858;858;858
l10n_de_audit_trail;base.group_user;0;0;0;0;0;0;0;0
l10n_de_skr03;base.group_user;0;0;0;0;0;0;0;0
l10n_de_skr04;base.group_user;0;0;0;0;0;0;0;0
l10n_din5008;base.group_user;33;33;33;33;33;33;33;33
l10n_din5008_purchase;base.group_user;3,3;3,3;3,3;3,3;3,3;3,3;3,3;3,3
l10n_din5008_repair;base.group_user;34,5;34,5;34,5;34,5;34,5;34,5;34,5;34,5
l10n_din5008_sale;base.group_user;33;33;33;33;33;33;33;33
l10n_din5008_stock;base.group_user;33;33;33;33;33;33;33;33
l10n_dk;base.group_user;204,9;204,9;204,9;204,9;204,9;204,9;204,9;204,9
l10n_dk_audit_trail;base.group_user;0;0;0;0;0;0;0;0
l10n_dk_bookkeeping;base.group_user;0;0;0;0;0;0;0;0
l10n_dk_oioubl;base.group_user;60;60;60;60;60;60;60;60
l10n_do;base.group_user;228;228;228;228;228;228;228;228
l10n_dz;base.group_user;396;396;396;396;396;396;396;396
l10n_ec;base.group_user;369;369;369;369;369;369;369;369
l10n_ec_stock;base.group_user;33;33;33;33;33;33;33;33
l10n_ec_website_sale;base.group_user;45;45;45;45;45;45;45;45
l10n_ee;base.group_user;171;171;171;171;171;171;171;171
l10n_eg;base.group_user;141;141;141;141;141;141;141;141
l10n_eg_edi_eta;base.group_user;0;0;0;0;0;0;0;0
l10n_es;base.group_user;6,6;6,6;6,6;6,6;6,6;6,6;6,6;6,6
l10n_es_edi_facturae;base.group_user;357;357;357;357;357;357;357;357
l10n_es_edi_facturae_adm_centers;base.group_user;0;0;0;0;0;0;0;0
l10n_es_edi_facturae_invoice_period;base.group_user;0;0;0;0;0;0;0;0
l10n_es_edi_sii;base.group_user;192,3;192,3;192,3;192,3;192,3;192,3;192,3;192,3
l10n_es_edi_tbai;base.group_user;33,3;33,3;33,3;33,3;33,3;33,3;33,3;33,3
l10n_es_edi_tbai_multi_refund;base.group_user;0;0;0;0;0;0;0;0
l10n_es_edi_tbai_pos;base.group_user;60;60;60;60;60;60;60;60
l10n_es_modelo130;base.group_user;30;30;30;30;30;30;30;30
l10n_es_pos;base.group_user;45;45;45;45;45;45;45;45
l10n_es_pos_tbai;base.group_user;0;0;0;0;0;0;0;0
l10n_et;base.group_user;69;69;69;69;69;69;69;69
l10n_eu_oss;base.group_user;33;33;33;33;33;33;33;33
l10n_fi;base.group_user;135;135;135;135;135;135;135;135
l10n_fi_sale;base.group_user;33;33;33;33;33;33;33;33
l10n_fr;base.group_user;370,8;370,8;370,8;370,8;370,8;370,8;370,8;370,8
l10n_fr_account;base.group_user;1008;1008;1008;1008;1008;1008;1008;1008
l10n_fr_facturx_chorus_pro;base.group_user;0;0;0;0;0;0;0;0
l10n_fr_fec;base.group_user;0;0;0;0;0;0;0;0
l10n_fr_hr_holidays;base.group_user;0;0;0;0;0;0;0;0
l10n_fr_hr_work_entry_holidays;base.group_user;30;30;30;30;30;30;30;30
l10n_fr_invoice_addr;base.group_user;0;0;0;0;0;0;0;0
l10n_fr_pos_cert;base.group_user;6;6;6;6;6;6;6;6
l10n_ga;base.group_user;30;30;30;30;30;30;30;30
l10n_gcc_invoice;base.group_user;30;30;30;30;30;30;30;30
l10n_gcc_invoice_stock_account;base.group_user;33;33;33;33;33;33;33;33
l10n_gcc_pos;base.group_user;33;33;33;33;33;33;33;33
l10n_generic_coa;base.group_user;0;0;0;0;0;0;0;0
l10n_gn;base.group_user;30;30;30;30;30;30;30;30
l10n_gq;base.group_user;30;30;30;30;30;30;30;30
l10n_gr;base.group_user;432;432;432;432;432;432;432;432
l10n_gt;base.group_user;45;45;45;45;45;45;45;45
l10n_gw;base.group_user;30;30;30;30;30;30;30;30
l10n_hk;base.group_user;66;66;66;66;66;66;66;66
l10n_hn;base.group_user;45;45;45;45;45;45;45;45
l10n_hr;base.group_user;888;888;888;888;888;888;888;888
l10n_hr_euro;base.group_user;0;0;0;0;0;0;0;0
l10n_hr_kuna;base.group_user;30;30;30;30;30;30;30;30
l10n_hu;base.group_user;186;186;186;186;186;186;186;186
l10n_hu_edi;base.group_user;30;30;30;30;30;30;30;30
l10n_id;base.group_user;88,5;88,5;88,5;88,5;88,5;88,5;88,5;88,5
l10n_id_efaktur;base.group_user;33,3;33,3;33,3;33,3;33,3;33,3;33,3;33,3
l10n_id_efaktur_coretax;base.group_user;0;0;0;0;0;0;0;0
l10n_id_pos;base.group_user;1000;1000;1000;1000;1000;1000;1000;1000
l10n_ie;base.group_user;75;75;75;75;75;75;75;75
l10n_il;base.group_user;72;72;72;72;72;72;72;72
l10n_in;base.group_user;223,8;223,8;223,8;223,8;223,8;223,8;223,8;223,8
l10n_in_edi;base.group_user;4,5;4,5;4,5;4,5;4,5;4,5;4,5;4,5
l10n_in_edi_ewaybill;base.group_user;0;0;0;0;0;0;0;0
l10n_in_ewaybill_stock;base.group_user;0;0;0;0;0;0;0;0
l10n_in_gstin_status;base.group_user;1000;1000;1000;1000;1000;1000;1000;1000
l10n_in_hr_holidays;base.group_user;1000;1000;1000;1000;1000;1000;1000;1000
l10n_in_pos;base.group_user;51;51;51;51;51;51;51;51
l10n_in_purchase;base.group_user;45;45;45;45;45;45;45;45
l10n_in_purchase_stock;base.group_user;48;48;48;48;48;48;48;48
l10n_in_sale;base.group_user;60;60;60;60;60;60;60;60
l10n_in_sale_stock;base.group_user;48;48;48;48;48;48;48;48
l10n_in_stock;base.group_user;33;33;33;33;33;33;33;33
l10n_in_tcs_tds;base.group_user;0;0;0;0;0;0;0;0
l10n_in_upi;base.group_user;0;0;0;0;0;0;0;0
l10n_in_withholding;base.group_user;270;270;270;270;270;270;270;270
l10n_in_withholding_payment;base.group_user;1000;1000;1000;1000;1000;1000;1000;1000
l10n_iq;base.group_user;30;30;30;30;30;30;30;30
l10n_it;base.group_user;258;258;258;258;258;258;258;258
l10n_it_edi;base.group_user;457,5;457,5;457,5;457,5;457,5;457,5;457,5;457,5
l10n_it_edi_doi;base.group_user;84;84;84;84;84;84;84;84
l10n_it_edi_ndd;base.group_user;0;0;0;0;0;0;0;0
l10n_it_edi_pa;base.group_user;180;180;180;180;180;180;180;180
l10n_it_edi_sale;base.group_user;0;0;0;0;0;0;0;0
l10n_it_edi_website_sale;base.group_user;33;33;33;33;33;33;33;33
l10n_it_edi_withholding;base.group_user;84;84;84;84;84;84;84;84
l10n_it_stock_ddt;base.group_user;0;0;0;0;0;0;0;0
l10n_jo;base.group_user;30;30;30;30;30;30;30;30
l10n_jo_edi;base.group_user;30;30;30;30;30;30;30;30
l10n_jp;base.group_user;84;84;84;84;84;84;84;84
l10n_jp_ubl_pint;base.group_user;60;60;60;60;60;60;60;60
l10n_ke;base.group_user;259,2;259,2;259,2;259,2;259,2;259,2;259,2;259,2
l10n_ke_edi_tremol;base.group_user;63;63;63;63;63;63;63;63
l10n_km;base.group_user;30;30;30;30;30;30;30;30
l10n_kr;base.group_user;1000;1000;1000;1000;1000;1000;1000;1000
l10n_kw;base.group_user;30;30;30;30;30;30;30;30
l10n_kz;base.group_user;30;30;30;30;30;30;30;30
l10n_latam_account_sequence;base.group_user;0;0;0;0;0;0;0;0
l10n_latam_base;base.group_user;30;30;30;30;30;30;30;30
l10n_latam_check;base.group_user;51,3;51,3;51,3;51,3;51,3;51,3;51,3;51,3
l10n_latam_invoice_document;base.group_user;51;51;51;51;51;51;51;51
l10n_lb_account;base.group_user;30;30;30;30;30;30;30;30
l10n_lt;base.group_user;99;99;99;99;99;99;99;99
l10n_lu;base.group_user;669,9;669,9;669,9;669,9;669,9;669,9;669,9;669,9
l10n_lu_peppol_id;base.group_user;180;180;180;180;180;180;180;180
l10n_lv;base.group_user;141;141;141;141;141;141;141;141
l10n_ma;base.group_user;348,9;348,9;348,9;348,9;348,9;348,9;348,9;348,9
l10n_mc;base.group_user;1000;1000;1000;1000;1000;1000;1000;1000
l10n_ml;base.group_user;30;30;30;30;30;30;30;30
l10n_mn;base.group_user;222;222;222;222;222;222;222;222
l10n_mt;base.group_user;30;30;30;30;30;30;30;30
l10n_mt_pos;base.group_user;0;0;0;0;0;0;0;0
l10n_mu_account;base.group_user;30;30;30;30;30;30;30;30
l10n_multilang;base.group_user;180;180;180;180;180;180;180;180
l10n_mx;base.group_user;439,5;439,5;439,5;439,5;439,5;439,5;439,5;439,5
l10n_mx_hr;base.group_user;4,5;4,5;4,5;4,5;4,5;4,5;4,5;4,5
l10n_my;base.group_user;66;66;66;66;66;66;66;66
l10n_my_edi;base.group_user;30;30;30;30;30;30;30;30
l10n_my_edi_extended;base.group_user;0;0;0;0;0;0;0;0
l10n_my_ubl_pint;base.group_user;60;60;60;60;60;60;60;60
l10n_mz;base.group_user;165;165;165;165;165;165;165;165
l10n_ne;base.group_user;30;30;30;30;30;30;30;30
l10n_ng;base.group_user;30;30;30;30;30;30;30;30
l10n_nl;base.group_user;210;210;210;210;210;210;210;210
l10n_no;base.group_user;183;183;183;183;183;183;183;183
l10n_nz;base.group_user;69;69;69;69;69;69;69;69
l10n_pa;base.group_user;69;69;69;69;69;69;69;69
l10n_pe;base.group_user;489;489;489;489;489;489;489;489
l10n_pe_pos;base.group_user;0;0;0;0;0;0;0;0
l10n_pe_website_sale;base.group_user;30;30;30;30;30;30;30;30
l10n_ph;base.group_user;120,3;120,3;120,3;120,3;120,3;120,3;120,3;120,3
l10n_pk;base.group_user;147,3;147,3;147,3;147,3;147,3;147,3;147,3;147,3
l10n_pl;base.group_user;555;555;555;555;555;555;555;555
l10n_pl_jpk;base.group_user;180;180;180;180;180;180;180;180
l10n_pl_sale_stock;base.group_user;0;0;0;0;0;0;0;0
l10n_pt;base.group_user;222;222;222;222;222;222;222;222
l10n_qa;base.group_user;30;30;30;30;30;30;30;30
l10n_ro;base.group_user;282;282;282;282;282;282;282;282
l10n_ro_edi;base.group_user;111;111;111;111;111;111;111;111
l10n_ro_edi_stock;base.group_user;45;45;45;45;45;45;45;45
l10n_ro_edi_stock_batch;base.group_user;0;0;0;0;0;0;0;0
l10n_ro_efactura;base.group_user;0;0;0;0;0;0;0;0
l10n_rs;base.group_user;189;189;189;189;189;189;189;189
l10n_rs_edi;base.group_user;1000;1000;1000;1000;1000;1000;1000;1000
l10n_rw;base.group_user;30;30;30;30;30;30;30;30
l10n_sa;base.group_user;102;102;102;102;102;102;102;102
l10n_sa_edi;base.group_user;73,5;73,5;73,5;73,5;73,5;73,5;73,5;73,5
l10n_sa_edi_pos;base.group_user;33;33;33;33;33;33;33;33
l10n_sa_pos;base.group_user;33;33;33;33;33;33;33;33
l10n_se;base.group_user;417;417;417;417;417;417;417;417
l10n_sg;base.group_user;111;111;111;111;111;111;111;111
l10n_sg_ubl_pint;base.group_user;60;60;60;60;60;60;60;60
l10n_si;base.group_user;246;246;246;246;246;246;246;246
l10n_sk;base.group_user;219;219;219;219;219;219;219;219
l10n_sn;base.group_user;30;30;30;30;30;30;30;30
l10n_syscohada;base.group_user;375;375;375;375;375;375;375;375
l10n_td;base.group_user;30;30;30;30;30;30;30;30
l10n_test_pos_qr_payment;base.group_user;1000;1000;1000;1000;1000;1000;1000;1000
l10n_tg;base.group_user;30;30;30;30;30;30;30;30
l10n_th;base.group_user;60;60;60;60;60;60;60;60
l10n_tn;base.group_user;30;30;30;30;30;30;30;30
l10n_tr;base.group_user;162;162;162;162;162;162;162;162
l10n_tr_nilvera;base.group_user;60;60;60;60;60;60;60;60
l10n_tr_nilvera_einvoice;base.group_user;30;30;30;30;30;30;30;30
l10n_tw;base.group_user;72;72;72;72;72;72;72;72
l10n_tz_account;base.group_user;30;30;30;30;30;30;30;30
l10n_ua;base.group_user;174;174;174;174;174;174;174;174
l10n_ug;base.group_user;33;33;33;33;33;33;33;33
l10n_uk;base.group_user;69;69;69;69;69;69;69;69
l10n_us;base.group_user;0;0;0;0;0;0;0;0
l10n_us_account;base.group_user;1000;1000;1000;1000;1000;1000;1000;1000
l10n_uy;base.group_user;126;126;126;126;126;126;126;126
l10n_ve;base.group_user;117;117;117;117;117;117;117;117
l10n_vn;base.group_user;113,7;113,7;113,7;113,7;113,7;113,7;113,7;113,7
l10n_vn_edi_viettel;base.group_user;60;60;60;60;60;60;60;60
l10n_za;base.group_user;72;72;72;72;72;72;72;72
l10n_zm_account;base.group_user;30;30;30;30;30;30;30;30
link_tracker;base.group_user;0;0;0;0;0;0;0;0
loyalty;base.group_user;117,3;117,3;117,3;117,3;117,3;117,3;117,3;117,3
loyalty_delivery;base.group_user;0;0;0;0;0;0;0;0
lunch;base.group_user;32;64;96;96;96;96;96;96
mail;base.group_user;0;0;0;0;0;0;0;0
mail_bot;base.group_user;0,6;1,2;1,8;2,4;3;3,6;4,2;4,8
mail_bot_hr;base.group_user;0,6;1,2;1,8;2,4;3;3;3;3
mail_group;base.group_user;33;33;33;33;33;33;33;33
mail_plugin;base.group_user;30;30;30;30;30;30;30;30
maintenance;base.group_user;2;4;6;6;6;6;6;6
marketing_automation;base.group_user;1000;1000;1000;1000;1000;1000;1000;1000
marketing_card;base.group_user;39,5;79;118,5;118,5;118,5;118,5;118,5;118,5
mass_mailing;base.group_user;49;98;147;147;147;147;147;147
mass_mailing_crm;base.group_user;0;0;0;0;0;0;0;0
mass_mailing_crm_sms;base.group_user;0;0;0;0;0;0;0;0
mass_mailing_event;base.group_user;1;2;3;3;3;3;3;3
mass_mailing_event_sms;base.group_user;11;22;33;33;33;33;33;33
mass_mailing_event_track;base.group_user;3;3;3;3;3;3;3;3
mass_mailing_event_track_sms;base.group_user;33;33;33;33;33;33;33;33
mass_mailing_sale;base.group_user;0;0;0;0;0;0;0;0
mass_mailing_sale_sms;base.group_user;0;0;0;0;0;0;0;0
mass_mailing_slides;base.group_user;1;2;3;3;3;3;3;3
mass_mailing_sms;base.group_user;40;80;120;120;120;120;120;120
mass_mailing_themes;base.group_user;13;26;39;39;39;39;39;39
membership;base.group_user;3;3;3;3;3;3;3;3
microsoft_account;base.group_user;0;0;0;0;0;0;0;0
microsoft_calendar;base.group_user;222,3;222,3;222,3;222,3;222,3;222,3;222,3;222,3
microsoft_outlook;base.group_user;0;0;0;0;0;0;0;0
mrp;base.group_user;15,8;31,6;47,4;47,4;47,4;47,4;47,4;47,4
mrp_account;base.group_user;9,6;19,2;28,8;28,8;28,8;28,8;28,8;28,8
mrp_landed_costs;base.group_user;0;0;0;0;0;0;0;0
mrp_plm;base.group_user;1000;1000;1000;1000;1000;1000;1000;1000
mrp_product_expiry;base.group_user;33;33;33;33;33;33;33;33
mrp_repair;base.group_user;11;22;33;33;33;33;33;33
mrp_subcontracting;base.group_user;34,5;34,5;34,5;34,5;34,5;34,5;34,5;34,5
mrp_subcontracting_account;base.group_user;33;33;33;33;33;33;33;33
mrp_subcontracting_dropshipping;base.group_user;0;0;0;0;0;0;0;0
mrp_subcontracting_landed_costs;base.group_user;30;30;30;30;30;30;30;30
mrp_subcontracting_purchase;base.group_user;0;0;0;0;0;0;0;0
mrp_subcontracting_repair;base.group_user;33;33;33;33;33;33;33;33
mrp_subonctracting_landed_costs;base.group_user;30;30;30;30;30;30;30;30
mrp_workorder;base.group_user;1000;1000;1000;1000;1000;1000;1000;1000
note;base.group_user;0;0;0;0;0;0;0;0
onboarding;base.group_user;0;0;0;0;0;0;0;0
partner_autocomplete;base.group_user;0,3;0,6;0,9;1,2;1,5;1,8;2,1;2,4
payment;base.group_user;1,89;3,78;5,67;7,56;9,45;11,34;13,23;15,12
payment_adyen;base.group_user;78;78;78;78;78;78;78;78
payment_alipay;base.group_user;48;48;48;48;48;48;48;48
payment_aps;base.group_user;0;0;0;0;0;0;0;0
payment_asiapay;base.group_user;60;60;60;60;60;60;60;60
payment_authorize;base.group_user;75;75;75;75;75;75;75;75
payment_buckaroo;base.group_user;0;0;0;0;0;0;0;0
payment_custom;base.group_user;3;3;3;3;3;3;3;3
payment_demo;base.group_user;36;36;36;36;36;36;36;36
payment_flutterwave;base.group_user;0;0;0;0;0;0;0;0
payment_mercado_pago;base.group_user;0;0;0;0;0;0;0;0
payment_mollie;base.group_user;0;0;0;0;0;0;0;0
payment_nuvei;base.group_user;1000;1000;1000;1000;1000;1000;1000;1000
payment_ogone;base.group_user;30;30;30;30;30;30;30;30
payment_paypal;base.group_user;73,5;73,5;73,5;73,5;73,5;73,5;73,5;73,5
payment_payulatam;base.group_user;48;48;48;48;48;48;48;48
payment_payumoney;base.group_user;48;48;48;48;48;48;48;48
payment_razorpay;base.group_user;4,5;4,5;4,5;4,5;4,5;4,5;4,5;4,5
payment_razorpay_oauth;base.group_user;0;0;0;0;0;0;0;0
payment_sips;base.group_user;0;0;0;0;0;0;0;0
payment_stripe;base.group_user;4,5;4,5;4,5;4,5;4,5;4,5;4,5;4,5
payment_worldline;base.group_user;210;210;210;210;210;210;210;210
payment_xendit;base.group_user;60;60;60;60;60;60;60;60
phone_validation;base.group_user;0;0;0;0;0;0;0;0
planning;base.group_user;1000;1000;1000;1000;1000;1000;1000;1000
point_of_sale;base.group_user;27,24;54,48;81,72;108,96;136,2;136,2;136,2;136,2
portal;base.group_user;0;0;0;0;0;0;0;0
portal_rating;base.group_user;0;0;0;0;0;0;0;0
pos_account_tax_python;base.group_user;1000;1000;1000;1000;1000;1000;1000;1000
pos_adyen;base.group_user;6;6;6;6;6;6;6;6
pos_cache;base.group_user;0;0;0;0;0;0;0;0
pos_daily_sales_reports;base.group_user;0;0;0;0;0;0;0;0
pos_discount;base.group_user;3;3;3;3;3;3;3;3
pos_epson_printer;base.group_user;12;24;36;48;60;60;60;60
pos_epson_printer_restaurant;base.group_user;0;0;0;0;0;0;0;0
pos_event;base.group_user;12,288;24,576;36,864;49,152;61,44;61,44;61,44;61,44
pos_hr;base.group_user;17,76;35,52;53,28;71,04;88,8;88,8;88,8;88,8
pos_hr_restaurant;base.group_user;11;22;33;33;33;33;33;33
pos_loyalty;base.group_user;34,5;34,5;34,5;34,5;34,5;34,5;34,5;34,5
pos_mercado_pago;base.group_user;0;0;0;0;0;0;0;0
pos_mercury;base.group_user;48;48;48;48;48;48;48;48
pos_mrp;base.group_user;11;22;33;33;33;33;33;33
pos_online_payment;base.group_user;0;0;0;0;0;0;0;0
pos_online_payment_self_order;base.group_user;0;0;0;0;0;0;0;0
pos_paytm;base.group_user;120;120;120;120;120;120;120;120
pos_pine_labs;base.group_user;1000;1000;1000;1000;1000;1000;1000;1000
pos_razorpay;base.group_user;135;135;135;135;135;135;135;135
pos_restaurant;base.group_user;49;98;147;147;147;147;147;147
pos_restaurant_adyen;base.group_user;0;0;0;0;0;0;0;0
pos_restaurant_loyalty;base.group_user;30;30;30;30;30;30;30;30
pos_restaurant_stripe;base.group_user;33;33;33;33;33;33;33;33
pos_sale;base.group_user;0,9;1,8;2,7;3,6;4,5;4,5;4,5;4,5
pos_sale_loyalty;base.group_user;33;33;33;33;33;33;33;33
pos_sale_margin;base.group_user;33;33;33;33;33;33;33;33
pos_sale_product_configurator;base.group_user;30;30;30;30;30;30;30;30
pos_self_order;base.group_user;49;98;147;147;147;147;147;147
pos_self_order_adyen;base.group_user;30;30;30;30;30;30;30;30
pos_self_order_epson_printer;base.group_user;10;20;30;30;30;30;30;30
pos_self_order_razorpay;base.group_user;1000;1000;1000;1000;1000;1000;1000;1000
pos_self_order_sale;base.group_user;10;20;30;30;30;30;30;30
pos_self_order_stripe;base.group_user;30;30;30;30;30;30;30;30
pos_six;base.group_user;0;0;0;0;0;0;0;0
pos_sms;base.group_user;1,32;2,64;3,96;5,28;6,6;6,6;6,6;6,6
pos_stripe;base.group_user;0;0;0;0;0;0;0;0
pos_viva_wallet;base.group_user;0;0;0;0;0;0;0;0
privacy_lookup;base.group_user;0;0;0;0;0;0;0;0
product;base.group_user;7,41;14,82;22,23;29,64;37,05;44,46;51,87;59,28
product_email_template;base.group_user;0;0;0;0;0;0;0;0
product_expiry;base.group_user;3;3;3;3;3;3;3;3
product_images;base.group_user;0;0;0;0;0;0;0;0
product_margin;base.group_user;0;0;0;0;0;0;0;0
product_matrix;base.group_user;3;3;3;3;3;3;3;3
product_unique_code;base.group_user;1000;1000;1000;1000;1000;1000;1000;1000
project;base.group_user;3,54;7,08;10,62;14,16;17,7;17,7;17,7;17,7
project_account;base.group_user;6;12;18;24;30;30;30;30
project_hr_expense;base.group_user;0,6;1,2;1,8;2,4;3;3;3;3
project_hr_skills;base.group_user;0,468;0,936;1,404;1,872;2,34;2,34;2,34;2,34
project_mail_plugin;base.group_user;33;33;33;33;33;33;33;33
project_mrp;base.group_user;4;8;12;12;12;12;12;12
project_mrp_account;base.group_user;3,6;7,2;10,8;10,8;10,8;10,8;10,8;10,8
project_mrp_sale;base.group_user;0,4;0,8;1,2;1,2;1,2;1,2;1,2;1,2
project_mrp_stock_landed_costs;base.group_user;1000;1000;1000;1000;1000;1000;1000;1000
project_parent;base.group_user;1000;1000;1000;1000;1000;1000;1000;1000
project_purchase;base.group_user;0,9;1,8;2,7;3,6;4,5;4,5;4,5;4,5
project_purchase_stock;base.group_user;0,432;0,864;1,296;1,728;2,16;2,16;2,16;2,16
project_role;base.group_user;1000;1000;1000;1000;1000;1000;1000;1000
project_sale_expense;base.group_user;6,6;13,2;19,8;26,4;33;33;33;33
project_sequence;base.group_user;1000;1000;1000;1000;1000;1000;1000;1000
project_sms;base.group_user;0;0;0;0;0;0;0;0
project_stock;base.group_user;1,2;2,4;3,6;4,8;6;6;6;6
project_stock_account;base.group_user;2,004;4,008;6,012;8,016;10,02;10,02;10,02;10,02
project_stock_landed_costs;base.group_user;1000;1000;1000;1000;1000;1000;1000;1000
project_tag_hierarchy;base.group_user;1000;1000;1000;1000;1000;1000;1000;1000
project_tag_multicompany;base.group_user;1000;1000;1000;1000;1000;1000;1000;1000
project_task_default_stage;base.group_user;1000;1000;1000;1000;1000;1000;1000;1000
project_task_stage_state;base.group_user;1000;1000;1000;1000;1000;1000;1000;1000
project_timesheet_holidays;base.group_user;30;30;30;30;30;30;30;30
project_timesheet_time_control;base.group_user;1000;1000;1000;1000;1000;1000;1000;1000
project_todo;base.group_user;0,9;1,8;2,7;3,6;4,5;4,5;4,5;4,5
project_type;base.group_user;1000;1000;1000;1000;1000;1000;1000;1000
project_unique_code;base.group_user;1000;1000;1000;1000;1000;1000;1000;1000
purchase;base.group_user;4,92;9,84;14,76;19,68;24,6;24,6;24,6;24,6
purchase_edi_ubl_bis3;base.group_user;6,048;12,096;18,144;24,192;30,24;30,24;30,24;30,24
purchase_mrp;base.group_user;0;0;0;0;0;0;0;0
purchase_price_diff;base.group_user;0;0;0;0;0;0;0;0
purchase_product_matrix;base.group_user;6;6;6;6;6;6;6;6
purchase_repair;base.group_user;2,1;4,2;6,3;6,3;6,3;6,3;6,3;6,3
purchase_requisition;base.group_user;34,8;34,8;34,8;34,8;34,8;34,8;34,8;34,8
purchase_requisition_sale;base.group_user;30;30;30;30;30;30;30;30
purchase_requisition_stock;base.group_user;0;0;0;0;0;0;0;0
purchase_stock;base.group_user;2,4;4,8;7,2;9,6;12;12;12;12
quality_control;base.group_user;1000;1000;1000;1000;1000;1000;1000;1000
rating;base.group_user;1,5;3;4,5;6;7,5;7,5;7,5;7,5
repair;base.group_user;49;98;147;196;245;245;245;245
resource;base.group_user;0;0;0;0;0;0;0;0
resource_mail;base.group_user;2,07;4,14;6,21;8,28;10,35;12,42;14,49;16,56
sale;base.group_user;5,88;11,76;17,64;23,52;29,4;29,4;29,4;29,4
sale_async_emails;base.group_user;0;0;0;0;0;0;0;0
sale_crm;base.group_user;0;0;0;0;0;0;0;0
sale_edi_ubl;base.group_user;3,06;6,12;9,18;12,24;15,3;15,3;15,3;15,3
sale_expense;base.group_user;0;0;0;0;0;0;0;0
sale_expense_margin;base.group_user;0;0;0;0;0;0;0;0
sale_gelato;base.group_user;1000;1000;1000;1000;1000;1000;1000;1000
sale_gelato_stock;base.group_user;1000;1000;1000;1000;1000;1000;1000;1000
sale_loyalty;base.group_user;33;33;33;33;33;33;33;33
sale_loyalty_delivery;base.group_user;30;30;30;30;30;30;30;30
sale_management;base.group_user;1,5;3;4,5;6;7,5;7,5;7,5;7,5
sale_margin;base.group_user;0;0;0;0;0;0;0;0
sale_mrp;base.group_user;1,5;3;4,5;4,5;4,5;4,5;4,5;4,5
sale_mrp_margin;base.group_user;33;33;33;33;33;33;33;33
sale_pdf_quote_builder;base.group_user;49;98;147;196;245;245;245;245
sale_product_configurator;base.group_user;0;0;0;0;0;0;0;0
sale_product_matrix;base.group_user;0;0;0;0;0;0;0;0
sale_project;base.group_user;3,42;6,84;10,26;13,68;17,1;17,1;17,1;17,1
sale_project_stock;base.group_user;6,6;13,2;19,8;26,4;33;33;33;33
sale_project_stock_account;base.group_user;0,252;0,504;0,756;1,008;1,26;1,26;1,26;1,26
sale_purchase;base.group_user;0,9;1,8;2,7;3,6;4,5;4,5;4,5;4,5
sale_purchase_project;base.group_user;0,312;0,624;0,936;1,248;1,56;1,56;1,56;1,56
sale_purchase_stock;base.group_user;0,6;1,2;1,8;2,4;3;3;3;3
sale_quotation_builder;base.group_user;0;0;0;0;0;0;0;0
sale_service;base.group_user;0;0;0;0;0;0;0;0
sale_sms;base.group_user;6,6;13,2;19,8;26,4;33;33;33;33
sale_stock;base.group_user;2,4;4,8;7,2;9,6;12;12;12;12
sale_stock_margin;base.group_user;33;33;33;33;33;33;33;33
sale_subscription;base.group_user;1000;1000;1000;1000;1000;1000;1000;1000
sale_timesheet;base.group_user;9,6;9,6;9,6;9,6;9,6;9,6;9,6;9,6
sale_timesheet_margin;base.group_user;33;33;33;33;33;33;33;33
sales_team;base.group_user;0,9;1,8;2,7;3,6;4,5;4,5;4,5;4,5
sequence_choice;base.group_user;1000;1000;1000;1000;1000;1000;1000;1000
sign;base.group_user;1000;1000;1000;1000;1000;1000;1000;1000
sms;base.group_user;1,98;3,96;5,94;7,92;9,9;11,88;13,86;15,84
snailmail;base.group_user;0,3;0,6;0,9;1,2;1,5;1,8;2,1;2,4
snailmail_account;base.group_user;0,6;1,2;1,8;2,4;3;3,6;4,2;4,8
social;base.group_user;1000;1000;1000;1000;1000;1000;1000;1000
social_media;base.group_user;0;0;0;0;0;0;0;0
spreadsheet;base.group_user;0;0;0;0;0;0;0;0
spreadsheet_account;base.group_user;0,3;0,6;0,9;1,2;1,5;1,8;2,1;2,4
spreadsheet_dashboard;base.group_user;1,05;2,1;3,15;4,2;5,25;6,3;7,35;8,4
spreadsheet_dashboard_account;base.group_user;0,3;0,6;0,9;1,2;1,5;1,8;2,1;2,4
spreadsheet_dashboard_event_sale;base.group_user;0,6;1,2;1,8;2,4;3;3;3;3
spreadsheet_dashboard_hr_expense;base.group_user;0,6;1,2;1,8;2,4;3;3;3;3
spreadsheet_dashboard_hr_timesheet;base.group_user;3;3;3;3;3;3;3;3
spreadsheet_dashboard_im_livechat;base.group_user;11;22;33;33;33;33;33;33
spreadsheet_dashboard_pos_hr;base.group_user;6,6;13,2;19,8;26,4;33;33;33;33
spreadsheet_dashboard_pos_restaurant;base.group_user;0,32;0,64;0,96;0,96;0,96;0,96;0,96;0,96
spreadsheet_dashboard_purchase;base.group_user;18;18;18;18;18;18;18;18
spreadsheet_dashboard_purchase_stock;base.group_user;18;18;18;18;18;18;18;18
spreadsheet_dashboard_sale;base.group_user;0,6;1,2;1,8;2,4;3;3;3;3
spreadsheet_dashboard_sale_expense;base.group_user;0;0;0;0;0;0;0;0
spreadsheet_dashboard_sale_timesheet;base.group_user;3;3;3;3;3;3;3;3
spreadsheet_dashboard_stock_account;base.group_user;0,6;1,2;1,8;2,4;3;3;3;3
spreadsheet_dashboard_website_sale;base.group_user;6;12;18;24;30;30;30;30
spreadsheet_dashboard_website_sale_slides;base.group_user;33;33;33;33;33;33;33;33
stock;base.group_user;15,54;31,08;46,62;62,16;77,7;77,7;77,7;77,7
stock_account;base.group_user;4,26;8,52;12,78;17,04;21,3;21,3;21,3;21,3
stock_delivery;base.group_user;18;36;54;72;90;90;90;90
stock_dropshipping;base.group_user;3;3;3;3;3;3;3;3
stock_fleet;base.group_user;1000;1000;1000;1000;1000;1000;1000;1000
stock_landed_costs;base.group_user;9;9;9;9;9;9;9;9
stock_landed_costs_company;base.group_user;0;0;0;0;0;0;0;0
stock_picking_batch;base.group_user;16,8;16,8;16,8;16,8;16,8;16,8;16,8;16,8
stock_sms;base.group_user;0;0;0;0;0;0;0;0
survey;base.group_user;6,7;13,4;20,1;20,1;20,1;20,1;20,1;20,1
test_access_rights;base.group_user;30;30;30;30;30;30;30;30
test_action_bindings;base.group_user;30;30;30;30;30;30;30;30
test_apikeys;base.group_user;30;30;30;30;30;30;30;30
test_assetsbundle;base.group_user;30;30;30;30;30;30;30;30
test_auth_custom;base.group_user;30;30;30;30;30;30;30;30
test_base_automation;base.group_user;33;33;33;33;33;33;33;33
test_base_import;base.group_user;180;180;180;180;180;180;180;180
test_convert;base.group_user;30;30;30;30;30;30;30;30
test_converter;base.group_user;30;30;30;30;30;30;30;30
test_crm_full;base.group_user;33;33;33;33;33;33;33;33
test_data_module;base.group_user;30;30;30;30;30;30;30;30
test_data_module_install;base.group_user;30;30;30;30;30;30;30;30
test_discuss_full;base.group_user;33;33;33;33;33;33;33;33
test_event_full;base.group_user;33;33;33;33;33;33;33;33
test_exceptions;base.group_user;30;30;30;30;30;30;30;30
test_hr_contract_calendar;base.group_user;1000;1000;1000;1000;1000;1000;1000;1000
test_html_field_history;base.group_user;30;30;30;30;30;30;30;30
test_http;base.group_user;30;30;30;30;30;30;30;30
test_impex;base.group_user;180;180;180;180;180;180;180;180
test_import_export;base.group_user;1000;1000;1000;1000;1000;1000;1000;1000
test_inherit;base.group_user;30;30;30;30;30;30;30;30
test_inherit_depends;base.group_user;30;30;30;30;30;30;30;30
test_inherits;base.group_user;30;30;30;30;30;30;30;30
test_inherits_depends;base.group_user;30;30;30;30;30;30;30;30
test_limits;base.group_user;30;30;30;30;30;30;30;30
test_lint;base.group_user;30;30;30;30;30;30;30;30
test_mail;base.group_user;33;33;33;33;33;33;33;33
test_mail_full;base.group_user;33;33;33;33;33;33;33;33
test_mail_sms;base.group_user;33;33;33;33;33;33;33;33
test_main_flows;base.group_user;30;30;30;30;30;30;30;30
test_mass_mailing;base.group_user;33;33;33;33;33;33;33;33
test_mimetypes;base.group_user;30;30;30;30;30;30;30;30
test_new_api;base.group_user;30;30;30;30;30;30;30;30
test_performance;base.group_user;30;30;30;30;30;30;30;30
test_populate;base.group_user;180;180;180;180;180;180;180;180
test_read_group;base.group_user;30;30;30;30;30;30;30;30
test_resource;base.group_user;33;33;33;33;33;33;33;33
test_rpc;base.group_user;30;30;30;30;30;30;30;30
test_sale_product_configurators;base.group_user;33;33;33;33;33;33;33;33
test_sale_purchase_edi_ubl;base.group_user;1000;1000;1000;1000;1000;1000;1000;1000
test_search_panel;base.group_user;30;30;30;30;30;30;30;30
test_spreadsheet;base.group_user;30;30;30;30;30;30;30;30
test_testing_utilities;base.group_user;30;30;30;30;30;30;30;30
test_translation_import;base.group_user;30;30;30;30;30;30;30;30
test_uninstall;base.group_user;30;30;30;30;30;30;30;30
test_website;base.group_user;33;33;33;33;33;33;33;33
test_website_modules;base.group_user;33;33;33;33;33;33;33;33
test_website_slides_full;base.group_user;33;33;33;33;33;33;33;33
test_xlsx_export;base.group_user;48;48;48;48;48;48;48;48
theme_default;base.group_user;33;33;33;33;33;33;33;33
timesheet_grid;base.group_user;1000;1000;1000;1000;1000;1000;1000;1000
transifex;base.group_user;0;0;0;0;0;0;0;0
uom;base.group_user;0;0;0;0;0;0;0;0
utm;base.group_user;0;0;0;0;0;0;0;0
web;base.group_user;0;0;0;0;0;0;0;0
web_editor;base.group_user;0;0;0;0;0;0;0;0
web_hierarchy;base.group_user;12;24;36;48;60;60;60;60
web_kanban_gauge;base.group_user;0;0;0;0;0;0;0;0
web_studio;base.group_user;1000;1000;1000;1000;1000;1000;1000;1000
web_tour;base.group_user;0;0;0;0;0;0;0;0
web_unsplash;base.group_user;0,003;0,006;0,009;0,012;0,015;0,018;0,021;0,024
website;base.group_user;7,02;14,04;21,06;28,08;35,1;35,1;35,1;35,1
website_blog;base.group_user;4,8;4,8;4,8;4,8;4,8;4,8;4,8;4,8
website_cf_turnstile;base.group_user;30;30;30;30;30;30;30;30
website_crm;base.group_user;0;0;0;0;0;0;0;0
website_crm_iap_reveal;base.group_user;0;0;0;0;0;0;0;0
website_crm_livechat;base.group_user;0;0;0;0;0;0;0;0
website_crm_partner_assign;base.group_user;30;30;30;30;30;30;30;30
website_crm_sms;base.group_user;1;2;3;3;3;3;3;3
website_customer;base.group_user;33;33;33;33;33;33;33;33
website_event;base.group_user;12,42;24,84;37,26;49,68;62,1;62,1;62,1;62,1
website_event_booth;base.group_user;33;33;33;33;33;33;33;33
website_event_booth_exhibitor;base.group_user;0;0;0;0;0;0;0;0
website_event_booth_sale;base.group_user;33;33;33;33;33;33;33;33
website_event_booth_sale_exhibitor;base.group_user;0;0;0;0;0;0;0;0
website_event_crm;base.group_user;11;22;33;33;33;33;33;33
website_event_crm_questions;base.group_user;0;0;0;0;0;0;0;0
website_event_exhibitor;base.group_user;96;96;96;96;96;96;96;96
website_event_jitsi;base.group_user;33;33;33;33;33;33;33;33
website_event_meet;base.group_user;30;30;30;30;30;30;30;30
website_event_meet_quiz;base.group_user;33;33;33;33;33;33;33;33
website_event_questions;base.group_user;0;0;0;0;0;0;0;0
website_event_sale;base.group_user;0,6;1,2;1,8;2,4;3;3;3;3
website_event_track;base.group_user;3;3;3;3;3;3;3;3
website_event_track_live;base.group_user;0;0;0;0;0;0;0;0
website_event_track_live_quiz;base.group_user;33;33;33;33;33;33;33;33
website_event_track_quiz;base.group_user;0;0;0;0;0;0;0;0
website_form_project;base.group_user;0;0;0;0;0;0;0;0
website_forum;base.group_user;9;9;9;9;9;9;9;9
website_google_map;base.group_user;3;3;3;3;3;3;3;3
website_hr_recruitment;base.group_user;1;2;3;3;3;3;3;3
website_jitsi;base.group_user;0;0;0;0;0;0;0;0
website_links;base.group_user;1;2;3;3;3;3;3;3
website_livechat;base.group_user;20;40;60;60;60;60;60;60
website_mail;base.group_user;0,6;1,2;1,8;2,4;3;3;3;3
website_mail_group;base.group_user;33;33;33;33;33;33;33;33
website_mass_mailing;base.group_user;1;2;3;3;3;3;3;3
website_mass_mailing_sms;base.group_user;11;22;33;33;33;33;33;33
website_membership;base.group_user;3;3;3;3;3;3;3;3
website_partner;base.group_user;0;0;0;0;0;0;0;0
website_payment;base.group_user;0,9;1,8;2,7;3,6;4,5;4,5;4,5;4,5
website_payment_authorize;base.group_user;33;33;33;33;33;33;33;33
website_payment_paypal;base.group_user;180;180;180;180;180;180;180;180
website_profile;base.group_user;0;0;0;0;0;0;0;0
website_project;base.group_user;18,6;37,2;55,8;74,4;93;93;93;93
website_sale;base.group_user;5,64;11,28;16,92;22,56;28,2;28,2;28,2;28,2
website_sale_autocomplete;base.group_user;0;0;0;0;0;0;0;0
website_sale_collect;base.group_user;111;111;111;111;111;111;111;111
website_sale_comparison;base.group_user;3;3;3;3;3;3;3;3
website_sale_comparison_wishlist;base.group_user;33;33;33;33;33;33;33;33
website_sale_delivery;base.group_user;0;0;0;0;0;0;0;0
website_sale_delivery_mondialrelay;base.group_user;0;0;0;0;0;0;0;0
website_sale_digital;base.group_user;0;0;0;0;0;0;0;0
website_sale_gelato;base.group_user;1000;1000;1000;1000;1000;1000;1000;1000
website_sale_loyalty;base.group_user;0;0;0;0;0;0;0;0
website_sale_loyalty_delivery;base.group_user;0;0;0;0;0;0;0;0
website_sale_mass_mailing;base.group_user;2,34;4,68;7,02;7,02;7,02;7,02;7,02;7,02
website_sale_mondialrelay;base.group_user;36;36;36;36;36;36;36;36
website_sale_picking;base.group_user;30;30;30;30;30;30;30;30
website_sale_product_configurator;base.group_user;33;33;33;33;33;33;33;33
website_sale_slides;base.group_user;51;51;51;51;51;51;51;51
website_sale_stock;base.group_user;0;0;0;0;0;0;0;0
website_sale_stock_product_configurator;base.group_user;0;0;0;0;0;0;0;0
website_sale_stock_wishlist;base.group_user;0;0;0;0;0;0;0;0
website_sale_wishlist;base.group_user;3;3;3;3;3;3;3;3
website_slides;base.group_user;2;4;6;6;6;6;6;6
website_slides_forum;base.group_user;48;48;48;48;48;48;48;48
website_slides_survey;base.group_user;11,6;23,2;34,8;34,8;34,8;34,8;34,8;34,8
website_sms;base.group_user;0,6;1,2;1,8;2,4;3;3;3;3
website_twitter;base.group_user;33;33;33;33;33;33;33;33
